pressure,in_situ_temp,practical_salinity,latitude,longitude,absolute_salinity,conservative_temp,density,sound_speed
2.5,28.668,33.911,-4.006523333333333,76.29734,34.07118955814313,28.720591574261167,1021.3682418525068,1541.4327999204838
3.5,28.673,33.914,-4.006523333333333,76.29734,34.07420729012344,28.725244260209475,1021.3731285080065,1541.4633929037468
4.5,28.672,33.915,-4.006523333333333,76.29734,34.0752128456032,28.723959248842643,1021.3784982042976,1541.4789588094231
5.6,28.673,33.914,-4.006523333333333,76.29734,34.07421019540153,28.72474017321241,1021.3821347024738,1541.4984057000174
6.6,28.674,33.914,-4.006523333333333,76.29734,34.07421157886734,28.72550309948642,1021.3860923455862,1541.51723177376
7.6,28.674,33.914,-4.006523333333333,76.29734,34.07421296233316,28.72526304273205,1021.3903807788083,1541.5339042720022
8.5,28.674,33.914,-4.006523333333333,76.29734,34.07421420745253,28.725046988600827,1021.3942402943303,1541.5489094273412
9.5,28.674,33.914,-4.006523333333333,76.29734,34.07421559091834,28.72480692511463,1021.398528561363,1541.5655817152265
10.5,28.673,33.915,-4.006523333333333,76.29734,34.07522140663695,28.723521908793266,1021.4038979419995,1541.5811471388945
11.4,28.674,33.915,-4.006523333333333,76.29734,34.075223119781754,28.724308773038572,1021.4074266544986,1541.5983060333926
12.5,28.675,33.915,-4.006523333333333,76.29734,34.07522521362701,28.72504760224338,1021.4118129467873,1541.6187993169763
13.5,28.67,33.923,-4.006523333333333,76.29734,34.08326432931735,28.719454876544823,1021.4237600446518,1541.633075552542
14.5,28.67,33.924,-4.006523333333333,76.29734,34.08427040575196,28.719172805805144,1021.4287983248347,1541.6507942244393
15.5,28.668,33.927,-4.006523333333333,76.29734,34.08728482739216,28.716799035897342,1021.4359991599332,1541.6662940254005
16.4,28.645,33.94,-4.006523333333333,76.29734,34.100348450346075,28.6929591207427,1021.4572288130829,1541.6453320355622
17.6,28.616,33.956,-4.006523333333333,76.29734,34.11642899701745,28.66289949809187,1021.4839807667247,1541.6195323707407
18.6,28.589,33.971,-4.006523333333333,76.29734,34.131501159063184,28.634940933418022,1021.5084551522527,1541.5936251681437
19.5,28.538,34.0,-4.006523333333333,76.29734,34.16063921628001,28.582339379550188,1021.5509344087397,1541.5287848283238
24.8,27.032,34.637,-4.006523333333333,76.29734,34.80067201245879,27.04473510761078,1022.5420442627282,1538.9618595031939
35.1,23.385,35.233,-4.006523333333333,76.29734,35.39954970428376,23.3667217244649,1024.153343023089,1531.1088012742534
45.3,22.127,35.237,-4.006523333333333,76.29734,35.403664580028845,22.105352998095682,1024.5622046462076,1528.080782492925
54.9,21.058,35.195,-4.006523333333333,76.29734,35.36156718393033,21.035124515182677,1024.8692962289188,1525.3817295965355
64.9,19.781,35.189,-4.006523333333333,76.29734,35.35563203492297,19.75580319480369,1025.2511090497458,1522.0691310278264
75.1,19.148,35.185,-4.006523333333333,76.29734,35.351710934062545,19.120890139926466,1025.4575626151627,1520.4658615412159
85.0,18.523,35.15,-4.006523333333333,76.29734,35.316687760172044,18.495090373066677,1025.6337523262637,1518.8141405087538
95.0,17.732,35.139,-4.006523333333333,76.29734,35.3057829288784,17.702681505968766,1025.8663897782171,1516.6750447975155
104.8,16.878,35.158,-4.006523333333333,76.29734,35.32501795445925,16.846678295173557,1026.1308989895103,1514.3280005326087
115.0,16.128,35.163,-4.006523333333333,76.29734,35.33018506453032,16.09520031626444,1026.356163974918,1512.230641528102
125.0,15.59,35.158,-4.006523333333333,76.29734,35.32530728303876,15.556070033542047,1026.5200700088492,1510.7315506297869
135.1,15.197,35.148,-4.006523333333333,76.29734,35.31538128682437,15.162048798292364,1026.6457230268156,1509.6595049335363
145.2,14.833,35.132,-4.006523333333333,76.29734,35.29942764304314,14.797222052687943,1026.7590538482043,1508.6591718859843
155.0,14.347,35.086,-4.006523333333333,76.29734,35.25330770912263,14.311354085625563,1026.8732240879724,1507.2165469478655
164.9,13.896,35.069,-4.006523333333333,76.29734,35.23630532662087,13.859789454545032,1027.0006689542004,1505.902651629025
175.0,13.482,35.059,-4.006523333333333,76.29734,35.22633397099586,13.44506371714198,1027.1249182236177,1504.7040705609
185.0,13.337,35.08,-4.006523333333333,76.29734,35.24748439256403,13.298348445436135,1027.2157800258572,1504.4152552046369
194.8,12.912,35.058,-4.006523333333333,76.29734,35.22541825131195,12.873084935689489,1027.3296543637705,1503.1405513482757
210.2,12.544,35.025,-4.006523333333333,76.29734,35.19230916973782,12.504280234355662,1027.4469968485216,1502.1200440252414
229.8,12.164,35.01,-4.006523333333333,76.29734,35.17726951304634,12.122616572955335,1027.5982196907905,1501.1363990515517
250.0,11.738,34.993,-4.006523333333333,76.29734,35.160226282818556,11.695118475685307,1027.7582788545487,1499.9889520948407
269.8,11.494,34.994,-4.006523333333333,76.29734,35.161280401768714,11.449035348156883,1027.8944363170438,1499.4714113173916
290.0,11.322,34.983,-4.006523333333333,76.29734,35.150282583789725,11.27505447584649,1028.009011656927,1499.1910623812869
310.0,11.142,34.971,-4.006523333333333,76.29734,35.1382898985586,11.093185660895392,1028.123223555865,1498.8755660411846
329.8,10.989,34.955,-4.006523333333333,76.29734,35.1223048454418,10.93839816328167,1028.2281826514175,1498.6437253674399
349.9,10.835,34.952,-4.006523333333333,76.29734,35.11937999046035,10.782351377313963,1028.3446056777564,1498.4267539504065
370.2,10.582,34.932,-4.006523333333333,76.29734,35.09942860254436,10.527949458627504,1028.4668358110648,1497.8398075039458
390.0,10.349,34.916,-4.006523333333333,76.29734,35.083503487657794,10.293535951710078,1028.5858153511715,1497.3149088821315
409.7,10.163,34.903,-4.006523333333333,76.29734,35.070590639657446,10.105985216657304,1028.6978086496758,1496.9554877772653
429.7,9.944,34.888,-4.006523333333333,76.29734,35.05567248937532,9.885597262142928,1028.8152417293807,1496.4763501664447
450.1,9.766,34.881,-4.006523333333333,76.29734,35.04879517244428,9.705922734361733,1028.9330942124923,1496.1575345702468
469.9,9.592,34.875,-4.006523333333333,76.29734,35.04291745963725,9.530335437040888,1029.0481069467996,1495.8417278567917
490.1,9.426,34.872,-4.006523333333333,76.29734,35.0400593933819,9.362661902518425,1029.165654162413,1495.562510863044
512.3,9.229,34.866,-4.006523333333333,76.29734,35.034212514525514,9.16398630700197,1029.2950478725368,1495.1958984373148
537.5,9.034,34.864,-4.006523333333333,76.29734,35.032436419681794,8.966947555220857,1029.4404739695958,1494.8869375186741
562.4,8.87,34.857,-4.006523333333333,76.29734,35.02563605502095,8.800958884674996,1029.5751348550411,1494.6783304037176
587.4,8.716,34.855,-4.006523333333333,76.29734,35.02386183046346,8.644877369313809,1029.7122853468427,1494.5122171278024
612.6,8.594,34.87,-4.006523333333333,76.29734,35.039178165547646,8.520370805374295,1029.8580682288818,1494.4876470799322
637.9,8.391,34.864,-4.006523333333333,76.29734,35.03341624181748,8.315676267798077,1030.0014127049837,1494.133890219377
662.9,8.217,34.859,-4.006523333333333,76.29734,35.02865919982287,8.139912882961674,1030.139116309018,1493.8819316723564
687.8,7.963,34.841,-4.006523333333333,76.29734,35.01083333084911,7.884882268500611,1030.2791449902124,1493.306194687942
712.8,7.746,34.837,-4.006523333333333,76.29734,35.00707824375081,7.6664818230574046,1030.4241117396855,1492.8844791499362
737.7,7.583,34.845,-4.006523333333333,76.29734,35.01537092395505,7.501650517933037,1030.5690149774111,1492.6785610301777
762.6,7.563,34.869,-4.006523333333333,76.29734,35.03974090136807,7.478727439703835,1030.703331941136,1493.0391099447168
787.4,7.611,34.914,-4.006523333333333,76.29734,35.08521693121105,7.523032262694474,1030.842548194567,1493.6847129538617
812.7,7.564,34.923,-4.006523333333333,76.29734,35.094511974038824,7.473474666390912,1030.9712155314303,1493.930040454127
837.6,7.483,34.92,-4.006523333333333,76.29734,35.091713658434784,7.390398454769354,1031.0941673197099,1494.0232731747124
862.1,7.235,34.885,-4.006523333333333,76.29734,35.05675657125006,7.142076644995621,1031.2171327146498,1493.4256377706656
887.6,6.909,34.845,-4.006523333333333,76.29734,35.01678592454015,6.816363015764413,1031.352523871969,1492.5284941989946
912.7,6.772,34.842,-4.006523333333333,76.29734,35.01398356057445,6.677821431464445,1031.4848826128894,1492.4013249828147
937.1,6.539,34.825,-4.006523333333333,76.29734,34.99708034225376,6.444342419493368,1031.6178584205152,1491.8663176454475
962.4,6.626,34.866,-4.006523333333333,76.29734,35.03846910135883,6.527461676395104,1031.7505988839866,1492.674255309394
987.3,6.288,34.823,-4.006523333333333,76.29734,34.99543976935461,6.190271157075261,1031.8814539397742,1491.6967884590247
1024.5,6.133,34.824,-4.006523333333333,76.29734,34.996699669216845,6.032802933166246,1032.0737914871545,1491.6938162995882
1075.2,5.845,34.808,-4.006523333333333,76.29734,34.98092868967459,5.7424760261784575,1032.33364869696,1491.3577521509083
1125.6,5.933,34.861,-4.006523333333333,76.29734,35.0344882868609,5.823923514367287,1032.5892353122354,1492.6041900944308
1174.9,5.596,34.829,-4.006523333333333,76.29734,35.002580268372554,5.485666580259702,1032.8373652551118,1492.0233570771243
1224.8,5.463,34.834,-4.006523333333333,76.29734,35.007851336178106,5.34900985569549,1033.0862108701829,1492.3143257007273
1274.7,5.259,34.824,-4.006523333333333,76.29734,34.99801334872073,5.142364417483322,1033.3337301452796,1492.2972567303066
1324.8,5.092,34.822,-4.006523333333333,76.29734,34.9962082382741,4.972309631433289,1033.5827347847762,1492.4409839342495
1375.0,4.819,34.806,-4.006523333333333,76.29734,34.98032470615807,4.697707642439501,1033.8366166717863,1492.1322338972484
1425.0,4.603,34.798,-4.006523333333333,76.29734,34.97248062723205,4.479530498448578,1034.0872197115623,1492.0588236752385
1474.7,4.48,34.803,-4.006523333333333,76.29734,34.97770502130625,4.353226063824879,1034.3330012806402,1492.3781378465633
1525.0,4.3,34.8,-4.006523333333333,76.29734,34.974875679837794,4.170731283008437,1034.583329086712,1492.459804181274
1575.1,4.115,34.796,-4.006523333333333,76.29734,34.97097787380145,3.983432672290587,1034.8324805905752,1492.5134785269913
1625.2,3.916,34.794,-4.006523333333333,76.29734,34.969085166291755,3.7823979512068737,1035.0850255333262,1492.5084220778754
1671.2,3.756,34.791,-4.006523333333333,76.29734,34.966181969445266,3.6203387090569987,1035.3126105606084,1492.5950874506832
0.5,28.662,33.908,-4.006523333333333,76.29734,34.06817427590386,28.715177484874488,1021.3593986799572,1541.3833862489444
1.5,28.665,33.911,-4.006523333333333,76.29734,34.07118817479978,28.71782254974806,1021.3649452803099,1541.4096654293944
