pressure,in_situ_temp,practical_salinity,latitude,longitude,absolute_salinity,conservative_temp,density,sound_speed,temp_gradient,sound_speed_gradient,is_thermocline,is_sound_channel
0.5,28.662,33.908,-4.006523333333333,76.29734,34.06817427590386,28.715177484874488,1021.3593986799572,1541.3833862489444,0.0030000000000001137,0.026279180450046624,False,False
1.5,28.665,33.911,-4.006523333333333,76.29734,34.07118817479978,28.71782254974806,1021.36494528031,1541.4096654293944,0.0030000000000001137,0.024706835769734425,False,False
2.5,28.668,33.911,-4.006523333333333,76.29734,34.07118955814313,28.720591574261167,1021.3682418525068,1541.4327999204838,0.0039999999999995595,0.02686373717619972,False,False
3.5,28.673,33.914,-4.006523333333333,76.29734,34.07420729012344,28.725244260209475,1021.3731285080064,1541.4633929037468,0.002000000000000668,0.023079444469658483,False,False
4.5,28.672,33.915,-4.006523333333333,76.29734,34.0752128456032,28.723959248842643,1021.3784982042976,1541.4789588094231,-9.09090909093635e-05,0.016572136996956033,False,False
5.6,28.673,33.914,-4.006523333333333,76.29734,34.07421019540153,28.72474017321241,1021.3821347024738,1541.4984057000174,0.0009567099567089343,0.01827984407918848,False,False
6.6,28.674,33.914,-4.006523333333333,76.29734,34.07421157886734,28.72550309948642,1021.3860923455862,1541.51723177376,0.0005000000000006111,0.01774928599240866,False,False
7.6,28.674,33.914,-4.006523333333333,76.29734,34.07421296233316,28.72526304273205,1021.3903807788084,1541.5339042720022,0.0,0.01667244381008004,False,False
8.5,28.674,33.914,-4.006523333333333,76.29734,34.07421420745253,28.725046988600827,1021.3942402943304,1541.5489094273412,1.7763568394002505e-15,0.016672344167204756,False,False
9.5,28.674,33.914,-4.006523333333333,76.29734,34.07421559091834,28.72480692511463,1021.398528561363,1541.5655817152265,-0.0005000000000006111,0.016118855776653618,False,False
10.5,28.673,33.915,-4.006523333333333,76.29734,34.07522140663695,28.723521908793263,1021.4038979419996,1541.5811471388945,0.00011111111111006267,0.017407536648647692,False,False
11.4,28.674,33.915,-4.006523333333333,76.29734,34.075223119781754,28.72430877303857,1021.4074266544986,1541.5983060333926,0.0010202020202019213,0.018869607093733975,False,False
12.5,28.675,33.915,-4.006523333333333,76.29734,34.07522521362701,28.72504760224338,1021.4118129467872,1541.6187993169765,-0.002186147186145959,0.016349579488291965,False,False
13.5,28.67,33.923,-4.006523333333333,76.29734,34.08326432931735,28.719454876544823,1021.4237600446518,1541.633075552542,-0.0024999999999995026,0.015997453731301903,False,False
14.5,28.67,33.924,-4.006523333333333,76.29734,34.08427040575196,28.719172805805144,1021.4287983248348,1541.650794224439,-0.0010000000000012221,0.016609236429189878,False,False
15.5,28.668,33.927,-4.006523333333333,76.29734,34.08728482739216,28.716799035897346,1021.4359991599332,1541.6662940254005,-0.01439766081871241,-0.004916462607752692,False,False
16.4,28.645,33.94,-4.006523333333333,76.29734,34.100348450346075,28.6929591207427,1021.4572288130828,1541.6453320355622,-0.02496031746031946,-0.02252336590493087,False,False
17.6,28.616,33.956,-4.006523333333333,76.29734,34.11642899701745,28.66289949809187,1021.4839807667248,1541.619532370741,-0.02571212121212163,-0.02390380172789719,False,False
18.6,28.589,33.971,-4.006523333333333,76.29734,34.131501159063184,28.634940933418022,1021.5084551522528,1541.5936251681435,-0.04261403508771622,-0.05019016018923139,False,False
19.5,28.538,34.0,-4.006523333333333,76.29734,34.16063921628001,28.582339379550188,1021.5509344087396,1541.5287848283238,-0.08968857780482953,-0.1318920220087918,True,False
24.8,27.032,34.637,-4.006523333333333,76.29734,34.80067201245879,27.04473510761078,1022.5420442627282,1538.961859503194,-0.30790810047862593,-0.57881070708207,True,False
35.1,23.385,35.233,-4.006523333333333,76.29734,35.39954970428376,23.3667217244649,1024.153343023089,1531.1088012742534,-0.23814271055331915,-0.5285131797626121,True,False
45.3,22.127,35.237,-4.006523333333333,76.29734,35.403664580028845,22.10535299809568,1024.5622046462076,1528.080782492925,-0.1171622474747478,-0.2887698854494687,True,False
54.9,21.058,35.195,-4.006523333333333,76.29734,35.36156718393033,21.03512451518268,1024.8692962289188,1525.3817295965357,-0.119360289115646,-0.30569428876019344,True,False
64.9,19.781,35.189,-4.006523333333333,76.29734,35.35563203492297,19.75580319480369,1025.2511090497458,1522.0691310278264,-0.09520436808386701,-0.24508333515315428,True,False
75.1,19.148,35.185,-4.006523333333333,76.29734,35.351710934062545,19.120890139926463,1025.4575626151627,1520.465861541216,-0.06260307198410797,-0.16208396451099816,True,False
85.0,18.523,35.15,-4.006523333333333,76.29734,35.316687760172044,18.49509037306668,1025.6337523262637,1518.8141405087538,-0.07107553423684076,-0.19025677574981614,True,False
95.0,17.732,35.139,-4.006523333333333,76.29734,35.3057829288784,17.702681505968766,1025.8663897782171,1516.6750447975155,-0.08316204906204894,-0.22683115780148455,True,False
104.8,16.878,35.158,-4.006523333333333,76.29734,35.32501795445925,16.846678295173557,1026.1308989895103,1514.3280005326087,-0.08047226890756298,-0.2228975810892848,True,False
115.0,16.128,35.163,-4.006523333333333,76.29734,35.33018506453032,16.09520031626444,1026.356163974918,1512.230641528102,-0.0635670355270821,-0.17749044724877194,True,False
125.0,15.59,35.158,-4.006523333333333,76.29734,35.32530728303876,15.556070033542047,1026.5200700088492,1510.7315506297869,-0.04639248312890998,-0.12813498456341677,False,False
135.1,15.197,35.148,-4.006523333333333,76.29734,35.31538128682437,15.162048798292364,1026.6457230268156,1509.6595049335365,-0.03747524752475251,-0.1025930071189265,False,False
145.2,14.833,35.132,-4.006523333333333,76.29734,35.29942764304314,14.797222052687944,1026.7590538482043,1508.6591718859845,-0.04291787285589388,-0.1234877945112487,False,False
155.0,14.347,35.086,-4.006523333333333,76.29734,35.25330770912263,14.311354085625563,1026.8732240879724,1507.2165469478657,-0.04758394051359971,-0.13999843907137688,False,False
164.9,13.896,35.069,-4.006523333333333,76.29734,35.23630532662087,13.859789454545032,1027.0006689542004,1505.902651629025,-0.04329565456545659,-0.12576427240817623,False,False
175.0,13.482,35.059,-4.006523333333333,76.29734,35.22633397099586,13.44506371714198,1027.1249182236177,1504.7040705609,-0.02767915373626917,-0.07355310640110702,False,False
185.0,13.337,35.08,-4.006523333333333,76.29734,35.24748439256403,13.298348445436137,1027.2157800258572,1504.4152552046369,-0.02907946815089646,-0.07998774090476957,False,False
194.8,12.912,35.058,-4.006523333333333,76.29734,35.22541825131195,12.873084935689487,1027.3296543637705,1503.1405513482755,-0.03579519686662541,-0.10525872265944258,False,False
210.2,12.544,35.025,-4.006523333333333,76.29734,35.19230916973782,12.504280234355662,1027.4469968485216,1502.1200440252414,-0.021912430426716256,-0.059191183141216186,False,False
229.8,12.164,35.01,-4.006523333333333,76.29734,35.17726951304634,12.122616572955335,1027.5982196907903,1501.1363990515515,-0.02022560773152482,-0.053445249456153476,False,False
250.0,11.738,34.993,-4.006523333333333,76.29734,35.16022628281856,11.695118475685309,1027.7582788545487,1499.988952094841,-0.016662341234123412,-0.04131803453716287,False,False
269.8,11.494,34.994,-4.006523333333333,76.29734,35.161280401768714,11.449035348156883,1027.8944363170438,1499.4714113173916,-0.010438083808380794,-0.02006984046785476,False,False
290.0,11.322,34.983,-4.006523333333333,76.29734,35.150282583789725,11.27505447584649,1028.009011656927,1499.1910623812869,-0.008758632579675851,-0.014831455412121386,False,False
310.0,11.142,34.971,-4.006523333333333,76.29734,35.1382898985586,11.093185660895392,1028.123223555865,1498.8755660411846,-0.008360438556418437,-0.013731755664146306,False,False
329.8,10.989,34.955,-4.006523333333333,76.29734,35.1223048454418,10.93839816328167,1028.2281826514177,1498.64372536744,-0.007694728680588847,-0.01125529947118764,False,False
349.9,10.835,34.952,-4.006523333333333,76.29734,35.11937999046035,10.782351377313963,1028.3446056777564,1498.4267539504065,-0.010050488303738059,-0.019809258897431903,False,False
370.2,10.582,34.932,-4.006523333333333,76.29734,35.09942860254436,10.527949458627504,1028.4668358110648,1497.8398075039458,-0.01211103020673926,-0.027696839774336013,False,False
390.0,10.349,34.916,-4.006523333333333,76.29734,35.083503487657794,10.293535951710078,1028.5858153511715,1497.3149088821317,-0.010601706196450122,-0.022366916358315336,False,False
409.7,10.163,34.903,-4.006523333333333,76.29734,35.070590639657446,10.105985216657304,1028.6978086496758,1496.9554877772653,-0.010190113030469655,-0.021079220890818817,False,False
429.7,9.944,34.888,-4.006523333333333,76.29734,35.05567248937532,9.885597262142928,1028.815241729381,1496.4763501664447,-0.009848757522811113,-0.01983377903552963,False,False
450.1,9.766,34.881,-4.006523333333333,76.29734,35.04879517244428,9.705922734361732,1028.9330942124925,1496.1575345702468,-0.008757150078484571,-0.015791424894551653,False,False
469.9,9.592,34.875,-4.006523333333333,76.29734,35.04291745963725,9.530335437040888,1029.0481069467996,1495.8417278567915,-0.008505700570056979,-0.014896864785669095,False,False
490.1,9.426,34.872,-4.006523333333333,76.29734,35.0400593933819,9.362661902518424,1029.165654162413,1495.562510863044,-0.008530374901335125,-0.015104870752836064,False,False
512.3,9.229,34.866,-4.006523333333333,76.29734,35.034212514525514,9.16398630700197,1029.2950478725368,1495.1958984373148,-0.008341926917876274,-0.014521824943464878,False,False
537.5,9.034,34.864,-4.006523333333333,76.29734,35.032436419681794,8.966947555220857,1029.4404739695958,1494.886937518674,-0.007158771956946641,-0.010307450422292419,False,False
562.4,8.87,34.857,-4.006523333333333,76.29734,35.02563605502095,8.800958884674996,1029.5751348550411,1494.6783304037176,-0.006373599890544174,-0.007512900147215618,False,False
587.4,8.716,34.855,-4.006523333333333,76.29734,35.02386183046346,8.644877369313809,1029.7122853468427,1494.5122171278024,-0.0055032618731423455,-0.0038210603508552765,False,False
612.6,8.594,34.87,-4.006523333333333,76.29734,35.039178165547646,8.520370805374295,1029.8580682288818,1494.4876470799322,-0.0064293416919331825,-0.007465864557524071,False,False
637.9,8.391,34.864,-4.006523333333333,76.29734,35.03341624181748,8.315676267798077,1030.0014127049835,1494.133890219377,-0.007488685593946165,-0.012018770671133439,False,False
662.9,8.217,34.859,-4.006523333333333,76.29734,35.02865919982287,8.139912882961674,1030.139116309018,1493.8819316723564,-0.008583648904234159,-0.016613224328086318,False,False
687.8,7.963,34.841,-4.006523333333333,76.29734,35.01083333084911,7.884882268500611,1030.2791449902124,1493.306194687942,-0.009441925457340405,-0.020001560260379136,False,False
712.8,7.746,34.837,-4.006523333333333,76.29734,35.00707824375081,7.6664818230574046,1030.4241117396857,1492.8844791499362,-0.00761095427803396,-0.012560596713687033,False,False
737.7,7.583,34.845,-4.006523333333333,76.29734,35.01537092395505,7.501650517933037,1030.5690149774111,1492.6785610301777,-0.003674698795180731,0.003105036039766418,False,True
762.6,7.563,34.869,-4.006523333333333,76.29734,35.03974090136807,7.478727439703835,1030.703331941136,1493.0391099447168,0.0005688907378720021,0.020267749980199312,False,False
787.4,7.611,34.914,-4.006523333333333,76.29734,35.08521693121105,7.523032262694474,1030.842548194567,1493.6847129538617,5.7816281245987033e-05,0.017946074441915982,False,False
812.7,7.564,34.923,-4.006523333333333,76.29734,35.094511974038824,7.473474666390912,1030.9712155314303,1493.930040454127,-0.002560918761261466,0.0066967976012186625,False,False
837.6,7.483,34.92,-4.006523333333333,76.29734,35.091713658434784,7.390398454769354,1031.09416731971,1494.0232731747124,-0.0067155419994445464,-0.01043841519367561,False,False
862.1,7.235,34.885,-4.006523333333333,76.29734,35.05675657125006,7.142076644995621,1031.2171327146498,1493.4256377706656,-0.011426762705082055,-0.029679803133312532,False,False
887.6,6.909,34.845,-4.006523333333333,76.29734,35.01678592454015,6.816363015764413,1031.352523871969,1492.5284941989946,-0.009092283427708986,-0.020005267758214984,False,False
912.7,6.772,34.842,-4.006523333333333,76.29734,35.01398356057445,6.677821431464445,1031.4848826128894,1492.401324982815,-0.007532600183798671,-0.013615728744547084,False,False
937.1,6.539,34.825,-4.006523333333333,76.29734,34.99708034225376,6.444342419493368,1031.6178584205152,1491.8663176454477,-0.0031728193954760897,0.004516208930890997,False,True
962.4,6.626,34.866,-4.006523333333333,76.29734,35.03846910135883,6.527461676395104,1031.7505988839866,1492.674255309394,-0.005135562010889383,-0.003944326357579797,False,False
987.3,6.288,34.823,-4.006523333333333,76.29734,34.99543976935461,6.190271157075261,1031.8814539397742,1491.696788459025,-0.009802155481830735,-0.023547525770275968,False,False
1024.5,6.133,34.824,-4.006523333333333,76.29734,34.996699669216845,6.032802933166246,1032.0737914871545,1491.6938162995882,-0.004807322064476177,-0.0028513126021962876,False,False
1075.2,5.845,34.808,-4.006523333333333,76.29734,34.98092868967459,5.7424760261784575,1032.33364869696,1491.3577521509085,-0.001956202259785912,0.00909774098491134,False,True
1125.6,5.933,34.861,-4.006523333333333,76.29734,35.0344882868609,5.823923514367287,1032.5892353122354,1492.6041900944308,-0.002592175573696162,0.00627323129806534,False,False
1174.9,5.596,34.829,-4.006523333333333,76.29734,35.002580268372554,5.485666580259702,1032.8373652551118,1492.0233570771245,-0.004763127232676419,-0.0030285481461618247,False,True
1224.8,5.463,34.834,-4.006523333333333,76.29734,35.007851336178106,5.34900985569549,1033.0862108701829,1492.3143257007273,-0.0033767535070140173,0.0027444855028289084,False,False
1274.7,5.259,34.824,-4.006523333333333,76.29734,34.99801334872073,5.142364417483322,1033.3337301452796,1492.2972567303066,-0.0037115096860387484,0.001260160595219162,False,True
1324.8,5.092,34.822,-4.006523333333333,76.29734,34.9962082382741,4.972309631433289,1033.5827347847762,1492.4409839342495,-0.0043847408637301966,-0.0016363002242982816,False,False
1375.0,4.819,34.806,-4.006523333333333,76.29734,34.98032470615807,4.697707642439501,1033.8366166717865,1492.1322338972484,-0.004878007490994096,-0.0038046289428148583,False,False
1425.0,4.603,34.798,-4.006523333333333,76.29734,34.97248062723205,4.479530498448578,1034.0872197115625,1492.0588236752385,-0.003394648492761991,0.002490189171243884,False,True
1474.7,4.48,34.803,-4.006523333333333,76.29734,34.97770502130625,4.353226063824879,1034.3330012806402,1492.3781378465633,-0.0030233779216051818,0.004038612543778797,False,False
1525.0,4.3,34.8,-4.006523333333333,76.29734,34.974875679837794,4.170731283008437,1034.583329086712,1492.459804181274,-0.003635685430166187,0.0013469146637099527,False,False
1575.1,4.115,34.796,-4.006523333333333,76.29734,34.97097787380145,3.983432672290587,1034.8324805905752,1492.513478526991,-0.0038323353293413104,0.000485208548916205,False,False
1625.2,3.916,34.794,-4.006523333333333,76.29734,34.969085166291755,3.7823979512068737,1035.0850255333262,1492.5084220778754,-0.0037146247702757595,0.0009338943525101229,False,True
1671.2,3.756,34.791,-4.006523333333333,76.29734,34.966181969445266,3.620338709056999,1035.3126105606084,1492.5950874506832,-0.0034782608695652206,0.0018840298436484575,False,False
